{
  "time": "2022-03-08T14:45:22.535415000",
  "sign": [
    -1.0,
    -1.0,
    1.0
  ],
  "n_cm3": 39.272361683759705,
  "u_kms": [
    304.41,
    -56.87,
    6.24
  ],
  "u_par_kms": 212.68925539187632,
  "w_par_kms": 61.934030408739304,
  "w_perp_kms": 55.251486524825154,
  "Tpar_K": 232350.27595709992,
  "Tperp_K": 184915.12727595647,
  "B_nT": [
    -21.548,
    -8.089,
    16.293
  ],
  "vdf_units": "s^3 m^-6"
}